1743,20:11:15,20216812083,5,550
1744,21:11:15,20216812083,5,550
1745,22:11:15,20216812083,5,550
1746,23:11:15,20216812083,5,550
1747,0:11:15,20216812083,5,550
1748,1:11:15,20216812083,5,550
1749,2:11:15,20216812083,5,550
1750,3:11:15,20216812083,5,550
1751,4:11:15,20216812083,5,550
1752,5:11:15,20216812083,5,550
1753,6:11:15,20216812083,5,550
1754,7:11:15,20216812083,5,550
1755,8:11:15,20216812083,5,550
1756,9:11:15,20216812083,5,550
1757,10:11:15,20216812083,5,550
1758,11:11:15,20216812083,5,550
1759,12:11:15,20216812083,5,550
1760,13:11:15,20216812083,5,550
1761,14:11:15,20216812083,5,550
1762,15:11:15,20216812083,5,550
1763,16:11:15,20216812083,5,550
1764,17:11:15,20216812083,5,550
1765,18:11:15,20216812083,5,550
1766,19:11:15,20216812083,5,550
1767,20:11:15,20216812083,5,550
1768,21:11:15,20216812083,5,550
1769,22:11:15,20216812083,5,550
1770,23:11:15,20216812083,5,550
1771,0:11:15,20216812083,5,550
1772,1:11:15,20216812083,5,550
1773,2:11:15,20216812083,5,550
1774,3:11:15,20216812083,5,550
1775,4:11:15,20216812083,5,550
1776,5:11:15,20216812083,5,550
1777,6:11:15,20216812083,5,550
1778,7:11:15,20216812083,5,550
1779,8:11:15,20216812083,5,550
1780,9:11:15,20216812083,5,550
1781,10:11:15,20216812083,5,550
1782,11:11:15,20216812083,5,550
1783,12:11:15,20216812083,5,550
1784,13:11:15,20216812083,5,550
1785,14:11:15,20216812083,5,550
1786,15:11:15,20216812083,5,550
1787,16:11:15,20216812083,5,550
1788,17:11:15,20216812083,5,550
1789,18:11:15,20216812083,5,550
1790,19:11:15,20216812083,5,550
1791,20:11:15,20216812083,5,550
1792,21:11:15,20216812083,5,550
1793,22:11:15,20216812083,5,550
1794,23:11:15,20216812083,5,550
1795,0:11:15,20216812083,5,550
1796,1:11:15,20216812083,5,550
1797,2:11:15,20216812083,5,550
1798,3:11:15,20216812083,5,550
1799,4:11:15,20216812083,5,550
1800,5:11:15,20216812083,5,550
1801,6:11:15,20216812083,5,550
1802,7:11:15,20216812083,5,550
1803,8:11:15,20216812083,5,550
1804,9:11:15,20216812083,5,550
1805,10:11:15,20216812083,5,550
1806,11:11:15,20216812083,5,550
1807,12:11:15,20216812083,5,550
1808,13:11:15,20216812083,5,550
1809,14:11:15,20216812083,5,550
1810,15:11:15,20216812083,5,550
1811,16:11:15,20216812083,5,550
1812,17:11:15,20216812083,5,550
1813,18:11:15,20216812083,5,550
1814,19:11:15,20216812083,5,550
1815,20:11:15,20216812083,5,550
1816,21:11:15,20216812083,5,550
1817,22:11:15,20216812083,5,550
1818,23:11:15,20216812083,5,550
1819,0:11:15,20216812083,5,550
1820,1:11:15,20216812083,5,550
1821,2:11:15,20216812083,5,550
1822,3:11:15,20216812083,5,550
1823,4:11:15,20216812083,5,550
1824,5:11:15,20216812083,5,550
1825,6:11:15,20216812083,5,550
1826,7:11:15,20216812083,5,550
1827,8:11:15,20216812083,5,550
1828,9:11:15,20216812083,5,550
1829,10:11:15,20216812083,5,550
1830,11:11:15,20216812083,5,550
1831,12:11:15,20216812083,5,550
1832,13:11:15,20216812083,5,550
1833,14:11:15,20216812083,5,550
1834,15:11:15,20216812083,5,550
1835,16:11:15,20216812083,5,550
1836,17:11:15,20216812083,5,550
1837,18:11:15,20216812083,5,550
1838,19:11:15,20216812083,5,550
1839,20:11:15,20216812083,5,550
1840,21:11:15,20216812083,5,550
1841,22:11:15,20216812083,5,550
1842,23:11:15,20216812083,5,550
1843,0:11:15,20216812083,5,550
1844,1:11:15,20216812083,5,550
1845,2:11:15,20216812083,5,550
1846,3:11:15,20216812083,5,550
1847,4:11:15,20216812083,5,550
1848,5:11:15,20216812083,5,550
1849,6:11:15,20216812083,5,550
1850,7:11:15,20216812083,5,550
1851,8:11:15,20216812083,5,550
1852,9:11:15,20216812083,5,550
1853,10:11:15,20216812083,5,550
1854,11:11:15,20216812083,5,550
1855,12:11:15,20216812083,5,550
1856,13:11:15,20216812083,5,550
1857,14:11:15,20216812083,5,550
1858,15:11:15,20216812083,5,550
1859,16:11:15,20216812083,5,550
1860,17:11:15,20216812083,5,550
1861,18:11:15,20216812083,5,550
1862,19:11:15,20216812083,5,550
1863,20:11:15,20216812083,5,550
1864,21:11:15,20216812083,5,550
1865,22:11:15,20216812083,5,550
1866,23:11:15,20216812083,5,550
1867,0:11:15,20216812083,5,550
1868,1:11:15,20216812083,5,550
1869,2:11:15,20216812083,5,550
1870,3:11:15,20216812083,5,550
1871,4:11:15,20216812083,5,550
1872,5:11:15,20216812083,5,550
1873,6:11:15,20216812083,5,550
1874,7:11:15,20216812083,5,550
1875,8:11:15,20216812083,5,550
1876,9:11:15,20216812083,5,550
1877,10:11:15,20216812083,5,550
1878,11:11:15,20216812083,5,550
1879,12:11:15,20216812083,5,550
1880,13:11:15,20216812083,5,550
1881,14:11:15,20216812083,5,550
1882,15:11:15,20216812083,5,550
1883,16:11:15,20216812083,5,550
1884,17:11:15,20216812083,5,550
1885,18:11:15,20216812083,5,550
1886,19:11:15,20216812083,5,550
1887,20:11:15,20216812083,5,550
1888,21:11:15,20216812083,5,550
1889,22:11:15,20216812083,5,550
1890,23:11:15,20216812083,5,550
1891,0:11:15,20216812083,5,550
1892,1:11:15,20216812083,5,550
1893,2:11:15,20216812083,5,550
1894,3:11:15,20216812083,5,550
1895,4:11:15,20216812083,5,550
1896,5:11:15,20216812083,5,550
1897,6:11:15,20216812083,5,550
1898,7:11:15,20216812083,5,550
1899,8:11:15,20216812083,5,550
1900,9:11:15,20216812083,5,550
1901,10:11:15,20216812083,5,550
1902,11:11:15,20216812083,5,550
1903,12:11:15,20216812083,5,550
1904,13:11:15,20216812083,5,550
1905,14:11:15,20216812083,5,550
1906,15:11:15,20216812083,5,550
1907,16:11:15,20216812083,5,550
1908,17:11:15,20216812083,5,550
1909,18:11:15,20216812083,5,550
1910,19:11:15,20216812083,5,550
1911,20:11:15,20216812083,5,550
1912,21:11:15,20216812083,5,550
1913,22:11:15,20216812083,5,550
1914,23:11:15,20216812083,5,550
1915,0:11:15,20216812083,5,550
1916,1:11:15,20216812083,5,550
1917,2:11:15,20216812083,5,550
1918,3:11:15,20216812083,5,550
1919,4:11:15,20216812083,5,550
1920,5:11:15,20216812083,5,550
1921,6:11:15,20216812083,5,550
1922,7:11:15,20216812083,5,550
1923,8:11:15,20216812083,5,550
1924,9:11:15,20216812083,5,550
1925,10:11:15,20216812083,5,550
1926,11:11:15,20216812083,5,550
1927,12:11:15,20216812083,5,550
1928,13:11:15,20216812083,5,550
1929,14:11:15,20216812083,5,550
1930,15:11:15,20216812083,5,550
1931,16:11:15,20216812083,5,550
1932,17:11:15,20216812083,5,550
1933,18:11:15,20216812083,5,550
1934,19:11:15,20216812083,5,550
1935,20:11:15,20216812083,5,550
1936,21:11:15,20216812083,5,550
1937,22:11:15,20216812083,5,550
1938,23:11:15,20216812083,5,550
1939,0:11:15,20216812083,5,550
1940,1:11:15,20216812083,5,550
1941,2:11:15,20216812083,5,550
1942,3:11:15,20216812083,5,550
1943,4:11:15,20216812083,5,550
1944,5:11:15,20216812083,5,550
1945,6:11:15,20216812083,5,550
1946,7:11:15,20216812083,5,550
1947,8:11:15,20216812083,5,550
1948,9:11:15,20216812083,5,550
1949,10:11:15,20216812083,5,550
1950,11:11:15,20216812083,5,550
1951,12:11:15,20216812083,5,550
1952,13:11:15,20216812083,5,550
1953,14:11:15,20216812083,5,550
1954,15:11:15,20216812083,5,550
1955,16:11:15,20216812083,5,550
1956,17:11:15,20216812083,5,550
1957,18:11:15,20216812083,5,550
1958,19:11:15,20216812083,5,550
1959,20:11:15,20216812083,5,550
1960,21:11:15,20216812083,5,550
1961,22:11:15,20216812083,5,550
1962,23:11:15,20216812083,5,550
1963,0:11:15,20216812083,5,550
1964,1:11:15,20216812083,5,550
1965,2:11:15,20216812083,5,550
1966,3:11:15,20216812083,5,550
1967,4:11:15,20216812083,5,550
1968,5:11:15,20216812083,5,550
1969,6:11:15,20216812083,5,550
1970,7:11:15,20216812083,5,550
1971,8:11:15,20216812083,5,550
1972,9:11:15,20216812083,5,550
1973,10:11:15,20216812083,5,550
1974,11:11:15,20216812083,5,550
1975,12:11:15,20216812083,5,550
1976,13:11:15,20216812083,5,550
1977,14:11:15,20216812083,5,550
1978,15:11:15,20216812083,5,550
1979,16:11:15,20216812083,5,550
1980,17:11:15,20216812083,5,550
1981,18:11:15,20216812083,5,550
1982,19:11:15,20216812083,5,550
1983,20:11:15,20216812083,5,550
1984,21:11:15,20216812083,5,550
1985,22:11:15,20216812083,5,550
1986,23:11:15,20216812083,5,550
1987,0:11:15,20216812083,5,550
1988,1:11:15,20216812083,5,550
1989,2:11:15,20216812083,5,550
1990,3:11:15,20216812083,5,550
1991,4:11:15,20216812083,5,550
1992,5:11:15,20216812083,5,550
1993,6:11:15,20216812083,5,550
1994,7:11:15,20216812083,5,550
1995,8:11:15,20216812083,5,550
1996,9:11:15,20216812083,5,550
1997,10:11:15,20216812083,5,550
1998,11:11:15,20216812083,5,550
1999,12:11:15,20216812083,5,550
2000,13:11:15,20216812083,5,550
2001,14:11:15,20216812083,5,550
2002,15:11:15,20216812083,5,550
2003,16:11:15,20216812083,5,550
2004,17:11:15,20216812083,5,550
2005,18:11:15,20216812083,5,550
2006,19:11:15,20216812083,5,550
2007,20:11:15,20216812083,5,550
2008,21:11:15,20216812083,5,550
2009,22:11:15,20216812083,5,550
2010,23:11:15,20216812083,5,550
2011,0:11:15,20216812083,5,550
2012,1:11:15,20216812083,5,550
2013,2:11:15,20216812083,5,550
2014,3:11:15,20216812083,5,550
2015,4:11:15,20216812083,5,550
2016,5:11:15,20216812083,5,550
2017,6:11:15,20216812083,5,550
2018,7:11:15,20216812083,5,550
2019,8:11:15,20216812083,5,550
2020,9:11:15,20216812083,5,550
2021,10:11:15,20216812083,5,550
2022,11:11:15,20216812083,5,550
2023,12:11:15,20216812083,5,550
2024,13:11:15,20216812083,5,550
2025,14:11:15,20216812083,5,550
2026,15:11:15,20216812083,5,550
2027,16:11:15,20216812083,5,550
2028,17:11:15,20216812083,5,550
2029,18:11:15,20216812083,5,550
2030,19:11:15,20216812083,5,550
2031,20:11:15,20216812083,5,550
2032,21:11:15,20216812083,5,550
2033,22:11:15,20216812083,5,550
2034,23:11:15,20216812083,5,550
2035,0:11:15,20216812083,5,550
2036,1:11:15,20216812083,5,550
2037,2:11:15,20216812083,5,550
2038,3:11:15,20216812083,5,550
2039,4:11:15,20216812083,5,550
2040,5:11:15,20216812083,5,550
2041,6:11:15,20216812083,5,550
2042,7:11:15,20216812083,5,550
2043,8:11:15,20216812083,5,550
2044,9:11:15,20216812083,5,550
2045,10:11:15,20216812083,5,550
2046,11:11:15,20216812083,5,550
2047,12:11:15,20216812083,5,550
2048,13:11:15,20216812083,5,550
2049,14:11:15,20216812083,5,550
2050,15:11:15,20216812083,5,550
2051,16:11:15,20216812083,5,550
2052,17:11:15,20216812083,5,550
2053,18:11:15,20216812083,5,550
2054,19:11:15,20216812083,5,550
2055,20:11:15,20216812083,5,550
2056,21:11:15,20216812083,5,550
2057,22:11:15,20216812083,5,550
2058,23:11:15,20216812083,5,550
2059,0:11:15,20216812083,5,550
2060,1:11:15,20216812083,5,550
2061,2:11:15,20216812083,5,550
2062,3:11:15,20216812083,5,550
2063,4:11:15,20216812083,5,550
2064,5:11:15,20216812083,5,550
2065,6:11:15,20216812083,5,550
2066,7:11:15,20216812083,5,550
2067,8:11:15,20216812083,5,550
2068,9:11:15,20216812083,5,550
2069,10:11:15,20216812083,5,550
2070,11:11:15,20216812083,5,550
2071,12:11:15,20216812083,5,550
2072,13:11:15,20216812083,5,550
2073,14:11:15,20216812083,5,550
2074,15:11:15,20216812083,5,550
2075,16:11:15,20216812083,5,550
2076,17:11:15,20216812083,5,550
2077,18:11:15,20216812083,5,550
2078,19:11:15,20216812083,5,550
2079,20:11:15,20216812083,5,550
2080,21:11:15,20216812083,5,550
2081,22:11:15,20216812083,5,550
2082,23:11:15,20216812083,5,550
2083,0:11:15,20216812083,5,550
2084,1:11:15,20216812083,5,550
2085,2:11:15,20216812083,5,550
2086,3:11:15,20216812083,5,550
2087,4:11:15,20216812083,5,550
2088,5:11:15,20216812083,5,550
2089,6:11:15,20216812083,5,550
2090,7:11:15,20216812083,5,550
2091,8:11:15,20216812083,5,550
2092,9:11:15,20216812083,5,550
2093,10:11:15,20216812083,5,550
2094,11:11:15,20216812083,5,550
2095,12:11:15,20216812083,5,550
2096,13:11:15,20216812083,5,550
2097,14:11:15,20216812083,5,550
2098,15:11:15,20216812083,5,550
2099,16:11:15,20216812083,5,550
2100,17:11:15,20216812083,5,550
2101,18:11:15,20216812083,5,550
2102,19:11:15,20216812083,5,550
2103,20:11:15,20216812083,5,550
2104,21:11:15,20216812083,5,550
2105,22:11:15,20216812083,5,550
2106,23:11:15,20216812083,5,550
2107,0:11:15,20216812083,5,550
2108,1:11:15,20216812083,5,550
2109,2:11:15,20216812083,5,550
2110,3:11:15,20216812083,5,550
2111,4:11:15,20216812083,5,550
2112,5:11:15,20216812083,5,550
2113,6:11:15,20216812083,5,550
2114,7:11:15,20216812083,5,550
2115,8:11:15,20216812083,5,550
2116,9:11:15,20216812083,5,550
2117,10:11:15,20216812083,5,550
2118,11:11:15,20216812083,5,550
2119,12:11:15,20216812083,5,550
2120,13:11:15,20216812083,5,550
2121,14:11:15,20216812083,5,550
2122,15:11:15,20216812083,5,550
2123,16:11:15,20216812083,5,550
2124,17:11:15,20216812083,5,550
2125,18:11:15,20216812083,5,550
2126,19:11:15,20216812083,5,550
2127,20:11:15,20216812083,5,550
2128,21:11:15,20216812083,5,550
2129,22:11:15,20216812083,5,550
2130,23:11:15,20216812083,5,550
2131,0:11:15,20216812083,5,550
2132,1:11:15,20216812083,5,550
2133,2:11:15,20216812083,5,550
2134,3:11:15,20216812083,5,550
2135,4:11:15,20216812083,5,550
2136,5:11:15,20216812083,5,550
2137,6:11:15,20216812083,5,550
2138,7:11:15,20216812083,5,550
2139,8:11:15,20216812083,5,550
2140,9:11:15,20216812083,5,550
2141,10:11:15,20216812083,5,550
2142,11:11:15,20216812083,5,550
2143,12:11:15,20216812083,5,550
2144,13:11:15,20216812083,5,550
2145,14:11:15,20216812083,5,550
2146,15:11:15,20216812083,5,550
2147,16:11:15,20216812083,5,550
2148,17:11:15,20216812083,5,550
2149,18:11:15,20216812083,5,550
2150,19:11:15,20216812083,5,550
2151,20:11:15,20216812083,5,550
2152,21:11:15,20216812083,5,550
2153,22:11:15,20216812083,5,550
2154,23:11:15,20216812083,5,550
2155,0:11:15,20216812083,5,550
2156,1:11:15,20216812083,5,550
2157,2:11:15,20216812083,5,550
2158,3:11:15,20216812083,5,550
2159,4:11:15,20216812083,5,550
2160,5:11:15,20216812083,5,550
2161,6:11:15,20216812083,5,550
2162,7:11:15,20216812083,5,550
2163,8:11:15,20216812083,5,550
2164,9:11:15,20216812083,5,550
2165,10:11:15,20216812083,5,550
2166,11:11:15,20216812083,5,550
2167,12:11:15,20216812083,5,550
2168,13:11:15,20216812083,5,550
2169,14:11:15,20216812083,5,550
2170,15:11:15,20216812083,5,550
2171,16:11:15,20216812083,5,550
2172,17:11:15,20216812083,5,550
2173,18:11:15,20216812083,5,550
2174,19:11:15,20216812083,5,550
2175,20:11:15,20216812083,5,550
2176,21:11:15,20216812083,5,550
2177,22:11:15,20216812083,5,550
2178,23:11:15,20216812083,5,550
2179,0:11:15,20216812083,5,550
2180,1:11:15,20216812083,5,550
2181,2:11:15,20216812083,5,550
2182,3:11:15,20216812083,5,550
2183,4:11:15,20216812083,5,550
2184,5:11:15,20216812083,5,550
2185,6:11:15,20216812083,5,550
2186,7:11:15,20216812083,5,550
2187,8:11:15,20216812083,5,550
2188,9:11:15,20216812083,5,550
2189,10:11:15,20216812083,5,550
2190,11:11:15,20216812083,5,550
2191,12:11:15,20216812083,5,550
2192,13:11:15,20216812083,5,550
2193,14:11:15,20216812083,5,550
2194,15:11:15,20216812083,5,550
2195,16:11:15,20216812083,5,550
2196,17:11:15,20216812083,5,550
2197,18:11:15,20216812083,5,550
2198,19:11:15,20216812083,5,550
2199,20:11:15,20216812083,5,550
2200,21:11:15,20216812083,5,550
2201,22:11:15,20216812083,5,550
2202,23:11:15,20216812083,5,550
2203,0:11:15,20216812083,5,550
2204,1:11:15,20216812083,5,550
2205,2:11:15,20216812083,5,550
2206,3:11:15,20216812083,5,550
2207,4:11:15,20216812083,5,550
2208,5:11:15,20216812083,5,550
2209,6:11:15,20216812083,5,550
2210,7:11:15,20216812083,5,550
2211,8:11:15,20216812083,5,550
2212,9:11:15,20216812083,5,550
2213,10:11:15,20216812083,5,550
2214,11:11:15,20216812083,5,550
2215,12:11:15,20216812083,5,550
2216,13:11:15,20216812083,5,550
2217,14:11:15,20216812083,5,550
2218,15:11:15,20216812083,5,550
2219,16:11:15,20216812083,5,550
2220,17:11:15,20216812083,5,550
2221,18:11:15,20216812083,5,550
2222,19:11:15,20216812083,5,550
2223,20:11:15,20216812083,5,550
2224,21:11:15,20216812083,5,550
2225,22:11:15,20216812083,5,550
2226,23:11:15,20216812083,5,550
2227,0:11:15,20216812083,5,550
2228,1:11:15,20216812083,5,550
2229,2:11:15,20216812083,5,550
2230,3:11:15,20216812083,5,550
2231,4:11:15,20216812083,5,550
2232,5:11:15,20216812083,5,550
2233,6:11:15,20216812083,5,550
2234,7:11:15,20216812083,5,550
2235,8:11:15,20216812083,5,550
2236,9:11:15,20216812083,5,550
2237,10:11:15,20216812083,5,550
2238,11:11:15,20216812083,5,550
2239,12:11:15,20216812083,5,550
2240,13:11:15,20216812083,5,550
2241,14:11:15,20216812083,5,550
2242,15:11:15,20216812083,5,550
2243,16:11:15,20216812083,5,550
2244,17:11:15,20216812083,5,550
2245,18:11:15,20216812083,5,550
2246,19:11:15,20216812083,5,550
2247,20:11:15,20216812083,5,550
2248,21:11:15,20216812083,5,550
2249,22:11:15,20216812083,5,550
2250,23:11:15,20216812083,5,550
2251,0:11:15,20216812083,5,550
2252,1:11:15,20216812083,5,550
2253,2:11:15,20216812083,5,550
2254,3:11:15,20216812083,5,550
2255,4:11:15,20216812083,5,550
2256,5:11:15,20216812083,5,550
2257,6:11:15,20216812083,5,550
2258,7:11:15,20216812083,5,550
2259,8:11:15,20216812083,5,550
2260,9:11:15,20216812083,5,550
2261,10:11:15,20216812083,5,550
2262,11:11:15,20216812083,5,550
2263,12:11:15,20216812083,5,550
2264,13:11:15,20216812083,5,550
2265,14:11:15,20216812083,5,550
2266,15:11:15,20216812083,5,550
2267,16:11:15,20216812083,5,550
2268,17:11:15,20216812083,5,550
2269,18:11:15,20216812083,5,550
2270,19:11:15,20216812083,5,550
2271,20:11:15,20216812083,5,550
2272,21:11:15,20216812083,5,550
2273,22:11:15,20216812083,5,550
2274,23:11:15,20216812083,5,550
2275,0:11:15,20216812083,5,550
2276,1:11:15,20216812083,5,550
2277,2:11:15,20216812083,5,550
2278,3:11:15,20216812083,5,550
2279,4:11:15,20216812083,5,550
2280,5:11:15,20216812083,5,550
2281,6:11:15,20216812083,5,550
2282,7:11:15,20216812083,5,550
2283,8:11:15,20216812083,5,550
2284,9:11:15,20216812083,5,550
2285,10:11:15,20216812083,5,550
2286,11:11:15,20216812083,5,550
2287,12:11:15,20216812083,5,550
2288,13:11:15,20216812083,5,550
2289,14:11:15,20216812083,5,550
2290,15:11:15,20216812083,5,550
2291,16:11:15,20216812083,5,550
2292,17:11:15,20216812083,5,550
2293,18:11:15,20216812083,5,550
2294,19:11:15,20216812083,5,550
2295,20:11:15,20216812083,5,550
2296,21:11:15,20216812083,5,550
2297,22:11:15,20216812083,5,550
2298,23:11:15,20216812083,5,550
2299,0:11:15,20216812083,5,550
2300,1:11:15,20216812083,5,550
2301,2:11:15,20216812083,5,550
2302,3:11:15,20216812083,5,550
2303,4:11:15,20216812083,5,550
2304,5:11:15,20216812083,5,550
2305,6:11:15,20216812083,5,550
2306,7:11:15,20216812083,5,550
2307,8:11:15,20216812083,5,550
2308,9:11:15,20216812083,5,550
2309,10:11:15,20216812083,5,550
2310,11:11:15,20216812083,5,550
2311,12:11:15,20216812083,5,550
2312,13:11:15,20216812083,5,550
2313,14:11:15,20216812083,5,550
2314,15:11:15,20216812083,5,550
2315,16:11:15,20216812083,5,550
2316,17:11:15,20216812083,5,550
2317,18:11:15,20216812083,5,550
2318,19:11:15,20216812083,5,550
2319,20:11:15,20216812083,5,550
2320,21:11:15,20216812083,5,550
2321,22:11:15,20216812083,5,550
2322,23:11:15,20216812083,5,550
2323,0:11:15,20216812083,5,550
2324,1:11:15,20216812083,5,550
2325,2:11:15,20216812083,5,550
2326,3:11:15,20216812083,5,550
2327,4:11:15,20216812083,5,550
2328,5:11:15,20216812083,5,550
2329,6:11:15,20216812083,5,550
2330,7:11:15,20216812083,5,550
2331,8:11:15,20216812083,5,550
2332,9:11:15,20216812083,5,550
2333,10:11:15,20216812083,5,550
2334,11:11:15,20216812083,5,550
2335,12:11:15,20216812083,5,550
2336,13:11:15,20216812083,5,550
2337,14:11:15,20216812083,5,550
2338,15:11:15,20216812083,5,550
2339,16:11:15,20216812083,5,550
2340,17:11:15,20216812083,5,550
2341,18:11:15,20216812083,5,550
2342,19:11:15,20216812083,5,550
2343,20:11:15,20216812083,5,550
2344,21:11:15,20216812083,5,550
2345,22:11:15,20216812083,5,550
2346,23:11:15,20216812083,5,550
2347,0:11:15,20216812083,5,550
2348,1:11:15,20216812083,5,550
2349,2:11:15,20216812083,5,550
2350,3:11:15,20216812083,5,550
2351,4:11:15,20216812083,5,550
2352,5:11:15,20216812083,5,550
2353,6:11:15,20216812083,5,550
2354,7:11:15,20216812083,5,550
2355,8:11:15,20216812083,5,550
2356,9:11:15,20216812083,5,550
2357,10:11:15,20216812083,5,550
2358,11:11:15,20216812083,5,550
2359,12:11:15,20216812083,5,550
2360,13:11:15,20216812083,5,550
2361,14:11:15,20216812083,5,550
2362,15:11:15,20216812083,5,550
2363,16:11:15,20216812083,5,550
2364,17:11:15,20216812083,5,550
2365,18:11:15,20216812083,5,550
2366,19:11:15,20216812083,5,550
2367,20:11:15,20216812083,5,550
2368,21:11:15,20216812083,5,550
2369,22:11:15,20216812083,5,550
2370,23:11:15,20216812083,5,550
2371,0:11:15,20216812083,5,550
2372,1:11:15,20216812083,5,550
2373,2:11:15,20216812083,5,550
2374,3:11:15,20216812083,5,550
2375,4:11:15,20216812083,5,550
2376,5:11:15,20216812083,5,550
2377,6:11:15,20216812083,5,550
2378,7:11:15,20216812083,5,550
2379,8:11:15,20216812083,5,550
2380,9:11:15,20216812083,5,550
2381,10:11:15,20216812083,5,550
2382,11:11:15,20216812083,5,550
2383,12:11:15,20216812083,5,550
2384,13:11:15,20216812083,5,550
2385,14:11:15,20216812083,5,550
2386,15:11:15,20216812083,5,550
2387,16:11:15,20216812083,5,550
2388,17:11:15,20216812083,5,550
2389,18:11:15,20216812083,5,550
2390,19:11:15,20216812083,5,550
2391,20:11:15,20216812083,5,550
2392,21:11:15,20216812083,5,550
2393,22:11:15,20216812083,5,550
2394,23:11:15,20216812083,5,550
2395,0:11:15,20216812083,5,550
2396,1:11:15,20216812083,5,550
2397,2:11:15,20216812083,5,550
2398,3:11:15,20216812083,5,550
2399,4:11:15,20216812083,5,550
2400,5:11:15,20216812083,5,550
2401,6:11:15,20216812083,5,550
2402,7:11:15,20216812083,5,550
2403,8:11:15,20216812083,5,550
2404,9:11:15,20216812083,5,550
2405,10:11:15,20216812083,5,550
2406,11:11:15,20216812083,5,550
2407,12:11:15,20216812083,5,550
2408,13:11:15,20216812083,5,550
2409,14:11:15,20216812083,5,550
2410,15:11:15,20216812083,5,550
2411,16:11:15,20216812083,5,550
2412,17:11:15,20216812083,5,550
2413,18:11:15,20216812083,5,550
2414,19:11:15,20216812083,5,550
2415,20:11:15,20216812083,5,550
2416,21:11:15,20216812083,5,550
2417,22:11:15,20216812083,5,550
2418,23:11:15,20216812083,5,550
2419,0:11:15,20216812083,5,550
2420,1:11:15,20216812083,5,550
2421,2:11:15,20216812083,5,550
2422,3:11:15,20216812083,5,550
2423,4:11:15,20216812083,5,550
2424,5:11:15,20216812083,5,550
2425,6:11:15,20216812083,5,550
2426,7:11:15,20216812083,5,550
2427,8:11:15,20216812083,5,550
2428,9:11:15,20216812083,5,550
2429,10:11:15,20216812083,5,550
2430,11:11:15,20216812083,5,550
2431,12:11:15,20216812083,5,550
2432,13:11:15,20216812083,5,550
2433,14:11:15,20216812083,5,550
2434,15:11:15,20216812083,5,550
2435,16:11:15,20216812083,5,550
2436,17:11:15,20216812083,5,550
2437,18:11:15,20216812083,5,550
2438,19:11:15,20216812083,5,550
2439,20:11:15,20216812083,5,550
2440,21:11:15,20216812083,5,550
2441,22:11:15,20216812083,5,550
2442,23:11:15,20216812083,5,550
2443,0:11:15,20216812083,5,550
2444,1:11:15,20216812083,5,550
2445,2:11:15,20216812083,5,550
2446,3:11:15,20216812083,5,550
2447,4:11:15,20216812083,5,550
2448,5:11:15,20216812083,5,550
2449,6:11:15,20216812083,5,550
2450,7:11:15,20216812083,5,550
2451,8:11:15,20216812083,5,550
2452,9:11:15,20216812083,5,550
2453,10:11:15,20216812083,5,550
2454,11:11:15,20216812083,5,550
2455,12:11:15,20216812083,5,550
2456,13:11:15,20216812083,5,550
2457,14:11:15,20216812083,5,550
2458,15:11:15,20216812083,5,550
2459,16:11:15,20216812083,5,550
2460,17:11:15,20216812083,5,550
2461,18:11:15,20216812083,5,550
2462,19:11:15,20216812083,5,550
2463,20:11:15,20216812083,5,550
2464,21:11:15,20216812083,5,550
2465,22:11:15,20216812083,5,550
2466,23:11:15,20216812083,5,550
2467,0:11:15,20216812083,5,550
2468,1:11:15,20216812083,5,550
2469,2:11:15,20216812083,5,550
2470,3:11:15,20216812083,5,550
2471,4:11:15,20216812083,5,550
2472,5:11:15,20216812083,5,550
2473,6:11:15,20216812083,5,550
2474,7:11:15,20216812083,5,550
2475,8:11:15,20216812083,5,550
2476,9:11:15,20216812083,5,550
2477,10:11:15,20216812083,5,550
2478,11:11:15,20216812083,5,550
2479,12:11:15,20216812083,5,550
2480,13:11:15,20216812083,5,550
2481,14:11:15,20216812083,5,550
2482,15:11:15,20216812083,5,550
2483,16:11:15,20216812083,5,550
2484,17:11:15,20216812083,5,550
2485,18:11:15,20216812083,5,550
2486,19:11:15,20216812083,5,550
2487,20:11:15,20216812083,5,550
2488,21:11:15,20216812083,5,550
2489,22:11:15,20216812083,5,550
2490,23:11:15,20216812083,5,550
2491,0:11:15,20216812083,5,550
2492,1:11:15,20216812083,5,550
2493,2:11:15,20216812083,5,550
2494,3:11:15,20216812083,5,550
2495,4:11:15,20216812083,5,550
2496,5:11:15,20216812083,5,550
2497,6:11:15,20216812083,5,550
2498,7:11:15,20216812083,5,550
2499,8:11:15,20216812083,5,550
2500,9:11:15,20216812083,5,550
2501,10:11:15,20216812083,5,550
2502,11:11:15,20216812083,5,550
2503,12:11:15,20216812083,5,550
2504,13:11:15,20216812083,5,550
2505,14:11:15,20216812083,5,550
2506,15:11:15,20216812083,5,550
2507,16:11:15,20216812083,5,550
2508,17:11:15,20216812083,5,550
2509,18:11:15,20216812083,5,550
2510,19:11:15,20216812083,5,550
2511,20:11:15,20216812083,5,550
2512,21:11:15,20216812083,5,550
2513,22:11:15,20216812083,5,550
2514,23:11:15,20216812083,5,550
2515,0:11:15,20216812083,5,550
2516,1:11:15,20216812083,5,550
2517,2:11:15,20216812083,5,550
2518,3:11:15,20216812083,5,550
2519,4:11:15,20216812083,5,550
2520,5:11:15,20216812083,5,550
2521,6:11:15,20216812083,5,550
2522,7:11:15,20216812083,5,550
2523,8:11:15,20216812083,5,550
2524,9:11:15,20216812083,5,550
2525,10:11:15,20216812083,5,550
2526,11:11:15,20216812083,5,550
2527,12:11:15,20216812083,5,550
2528,13:11:15,20216812083,5,550
2529,14:11:15,20216812083,5,550
2530,15:11:15,20216812083,5,550
2531,16:11:15,20216812083,5,550
2532,17:11:15,20216812083,5,550
2533,18:11:15,20216812083,5,550
2534,19:11:15,20216812083,5,550
2535,20:11:15,20216812083,5,550
2536,21:11:15,20216812083,5,550
2537,22:11:15,20216812083,5,550
2538,23:11:15,20216812083,5,550
2539,0:11:15,20216812083,5,550
2540,1:11:15,20216812083,5,550
2541,2:11:15,20216812083,5,550
2542,3:11:15,20216812083,5,550
2543,4:11:15,20216812083,5,550
2544,5:11:15,20216812083,5,550
2545,6:11:15,20216812083,5,550
2546,7:11:15,20216812083,5,550
2547,8:11:15,20216812083,5,550
2548,9:11:15,20216812083,5,550
2549,10:11:15,20216812083,5,550
2550,11:11:15,20216812083,5,550
2551,12:11:15,20216812083,5,550
2552,13:11:15,20216812083,5,550
2553,14:11:15,20216812083,5,550
2554,15:11:15,20216812083,5,550
2555,16:11:15,20216812083,5,550
2556,17:11:15,20216812083,5,550
2557,18:11:15,20216812083,5,550
2558,19:11:15,20216812083,5,550
2559,20:11:15,20216812083,5,550
2560,21:11:15,20216812083,5,550
2561,22:11:15,20216812083,5,550
2562,23:11:15,20216812083,5,550
2563,0:11:15,20216812083,5,550
2564,1:11:15,20216812083,5,550
2565,2:11:15,20216812083,5,550
2566,3:11:15,20216812083,5,550
2567,4:11:15,20216812083,5,550
2568,5:11:15,20216812083,5,550
2569,6:11:15,20216812083,5,550
2570,7:11:15,20216812083,5,550
2571,8:11:15,20216812083,5,550
2572,9:11:15,20216812083,5,550
2573,10:11:15,20216812083,5,550
2574,11:11:15,20216812083,5,550
2575,12:11:15,20216812083,5,550
2576,13:11:15,20216812083,5,550
2577,14:11:15,20216812083,5,550
2578,15:11:15,20216812083,5,550
2579,16:11:15,20216812083,5,550
2580,17:11:15,20216812083,5,550
2581,18:11:15,20216812083,5,550
2582,19:11:15,20216812083,5,550
2583,20:11:15,20216812083,5,550
2584,21:11:15,20216812083,5,550
2585,22:11:15,20216812083,5,550
2586,23:11:15,20216812083,5,550
2587,0:11:15,20216812083,5,550
2588,1:11:15,20216812083,5,550
2589,2:11:15,20216812083,5,550
2590,3:11:15,20216812083,5,550
2591,4:11:15,20216812083,5,550
2592,5:11:15,20216812083,5,550
2593,6:11:15,20216812083,5,550
2594,7:11:15,20216812083,5,550
2595,8:11:15,20216812083,5,550
2596,9:11:15,20216812083,5,550
2597,10:11:15,20216812083,5,550
2598,11:11:15,20216812083,5,550
2599,12:11:15,20216812083,5,550
2600,13:11:15,20216812083,5,550
2601,14:11:15,20216812083,5,550
2602,15:11:15,20216812083,5,550
2603,16:11:15,20216812083,5,550
2604,17:11:15,20216812083,5,550
2605,18:11:15,20216812083,5,550
2606,19:11:15,20216812083,5,550
2607,20:11:15,20216812083,5,550
2608,21:11:15,20216812083,5,550
2609,22:11:15,20216812083,5,550
2610,23:11:15,20216812083,5,550
2611,0:11:15,20216812083,5,550
2612,1:11:15,20216812083,5,550
2613,2:11:15,20216812083,5,550
2614,3:11:15,20216812083,5,550
2615,4:11:15,20216812083,5,550
2616,5:11:15,20216812083,5,550
2617,6:11:15,20216812083,5,550
2618,7:11:15,20216812083,5,550
2619,8:11:15,20216812083,5,550
2620,9:11:15,20216812083,5,550
2621,10:11:15,20216812083,5,550
2622,11:11:15,20216812083,5,550
2623,12:11:15,20216812083,5,550
2624,13:11:15,20216812083,5,550
2625,14:11:15,20216812083,5,550
2626,15:11:15,20216812083,5,550
2627,16:11:15,20216812083,5,550
2628,17:11:15,20216812083,5,550
2629,18:11:15,20216812083,5,550
2630,19:11:15,20216812083,5,550
2631,20:11:15,20216812083,5,550
2632,21:11:15,20216812083,5,550
2633,22:11:15,20216812083,5,550
2634,23:11:15,20216812083,5,550
2635,0:11:15,20216812083,5,550
2636,1:11:15,20216812083,5,550
2637,2:11:15,20216812083,5,550
2638,3:11:15,20216812083,5,550
2639,4:11:15,20216812083,5,550
2640,5:11:15,20216812083,5,550
2641,6:11:15,20216812083,5,550
2642,7:11:15,20216812083,5,550
2643,8:11:15,20216812083,5,550
2644,9:11:15,20216812083,5,550
2645,10:11:15,20216812083,5,550
2646,11:11:15,20216812083,5,550
2647,12:11:15,20216812083,5,550
2648,13:11:15,20216812083,5,550
2649,14:11:15,20216812083,5,550
2650,15:11:15,20216812083,5,550
2651,16:11:15,20216812083,5,550
2652,17:11:15,20216812083,5,550
2653,18:11:15,20216812083,5,550
2654,19:11:15,20216812083,5,550
2655,20:11:15,20216812083,5,550
2656,21:11:15,20216812083,5,550
2657,22:11:15,20216812083,5,550
2658,23:11:15,20216812083,5,550
2659,0:11:15,20216812083,5,550
2660,1:11:15,20216812083,5,550
2661,2:11:15,20216812083,5,550
2662,3:11:15,20216812083,5,550
2663,4:11:15,20216812083,5,550
2664,5:11:15,20216812083,5,550
2665,6:11:15,20216812083,5,550
2666,7:11:15,20216812083,5,550
2667,8:11:15,20216812083,5,550
2668,9:11:15,20216812083,5,550
2669,10:11:15,20216812083,5,550
2670,11:11:15,20216812083,5,550
2671,12:11:15,20216812083,5,550
2672,13:11:15,20216812083,5,550
2673,14:11:15,20216812083,5,550
2674,15:11:15,20216812083,5,550
2675,16:11:15,20216812083,5,550
2676,17:11:15,20216812083,5,550
2677,18:11:15,20216812083,5,550
2678,19:11:15,20216812083,5,550
2679,20:11:15,20216812083,5,550
2680,21:11:15,20216812083,5,550
2681,22:11:15,20216812083,5,550
2682,23:11:15,20216812083,5,550
2683,0:11:15,20216812083,5,550
2684,1:11:15,20216812083,5,550
2685,2:11:15,20216812083,5,550
2686,3:11:15,20216812083,5,550
2687,4:11:15,20216812083,5,550
2688,5:11:15,20216812083,5,550
2689,6:11:15,20216812083,5,550
2690,7:11:15,20216812083,5,550
2691,8:11:15,20216812083,5,550
2692,9:11:15,20216812083,5,550
2693,10:11:15,20216812083,5,550
2694,11:11:15,20216812083,5,550
2695,12:11:15,20216812083,5,550
2696,13:11:15,20216812083,5,550
2697,14:11:15,20216812083,5,550
2698,15:11:15,20216812083,5,550
2699,16:11:15,20216812083,5,550
2700,17:11:15,20216812083,5,550
2701,18:11:15,20216812083,5,550
2702,19:11:15,20216812083,5,550
2703,20:11:15,20216812083,5,550
2704,21:11:15,20216812083,5,550
2705,22:11:15,20216812083,5,550
2706,23:11:15,20216812083,5,550
2707,0:11:15,20216812083,5,550
2708,1:11:15,20216812083,5,550
2709,2:11:15,20216812083,5,550
2710,3:11:15,20216812083,5,550
2711,4:11:15,20216812083,5,550
2712,5:11:15,20216812083,5,550
2713,6:11:15,20216812083,5,550
2714,7:11:15,20216812083,5,550
2715,8:11:15,20216812083,5,550
2716,9:11:15,20216812083,5,550
2717,10:11:15,20216812083,5,550
2718,11:11:15,20216812083,5,550
2719,12:11:15,20216812083,5,550
2720,13:11:15,20216812083,5,550
2721,14:11:15,20216812083,5,550
2722,15:11:15,20216812083,5,550
2723,16:11:15,20216812083,5,550
2724,17:11:15,20216812083,5,550
2725,18:11:15,20216812083,5,550
2726,19:11:15,20216812083,5,550
2727,20:11:15,20216812083,5,550
2728,21:11:15,20216812083,5,550
2729,22:11:15,20216812083,5,550
2730,23:11:15,20216812083,5,550
2731,0:11:15,20216812083,5,550
2732,1:11:15,20216812083,5,550
2733,2:11:15,20216812083,5,550
2734,3:11:15,20216812083,5,550
2735,4:11:15,20216812083,5,550
2736,5:11:15,20216812083,5,550
2737,6:11:15,20216812083,5,550
2738,7:11:15,20216812083,5,550
2739,8:11:15,20216812083,5,550
2740,9:11:15,20216812083,5,550
2741,10:11:15,20216812083,5,550
2742,11:11:15,20216812083,5,550
2743,12:11:15,20216812083,5,550
2744,13:11:15,20216812083,5,550
2745,14:11:15,20216812083,5,550
2746,15:11:15,20216812083,5,550
2747,16:11:15,20216812083,5,550
2748,17:11:15,20216812083,5,550
2749,18:11:15,20216812083,5,550
2750,19:11:15,20216812083,5,550
2751,20:11:15,20216812083,5,550
2752,21:11:15,20216812083,5,550
2753,22:11:15,20216812083,5,550
2754,23:11:15,20216812083,5,550
2755,0:11:15,20216812083,5,550
2756,1:11:15,20216812083,5,550
2757,2:11:15,20216812083,5,550
2758,3:11:15,20216812083,5,550
2759,4:11:15,20216812083,5,550
2760,5:11:15,20216812083,5,550
2761,6:11:15,20216812083,5,550
2762,7:11:15,20216812083,5,550
2763,8:11:15,20216812083,5,550
2764,9:11:15,20216812083,5,550
2765,10:11:15,20216812083,5,550
2766,11:11:15,20216812083,5,550
2767,12:11:15,20216812083,5,550
2768,13:11:15,20216812083,5,550
2769,14:11:15,20216812083,5,550
2770,15:11:15,20216812083,5,550
2771,16:11:15,20216812083,5,550
2772,17:11:15,20216812083,5,550
2773,18:11:15,20216812083,5,550
2774,19:11:15,20216812083,5,550
2775,20:11:15,20216812083,5,550
2776,21:11:15,20216812083,5,550
2777,22:11:15,20216812083,5,550
2778,23:11:15,20216812083,5,550
2779,0:11:15,20216812083,5,550
2780,1:11:15,20216812083,5,550
2781,2:11:15,20216812083,5,550
2782,3:11:15,20216812083,5,550
2783,4:11:15,20216812083,5,550
2784,5:11:15,20216812083,5,550
2785,6:11:15,20216812083,5,550
2786,7:11:15,20216812083,5,550
2787,8:11:15,20216812083,5,550
2788,9:11:15,20216812083,5,550
2789,10:11:15,20216812083,5,550
2790,11:11:15,20216812083,5,550
2791,12:11:15,20216812083,5,550
2792,13:11:15,20216812083,5,550
2793,14:11:15,20216812083,5,550
2794,15:11:15,20216812083,5,550
2795,16:11:15,20216812083,5,550
2796,17:11:15,20216812083,5,550
2797,18:11:15,20216812083,5,550
2798,19:11:15,20216812083,5,550
2799,20:11:15,20216812083,5,550
2800,21:11:15,20216812083,5,550
2801,22:11:15,20216812083,5,550
2802,23:11:15,20216812083,5,550
2803,0:11:15,20216812083,5,550
2804,1:11:15,20216812083,5,550
2805,2:11:15,20216812083,5,550
2806,3:11:15,20216812083,5,550
2807,4:11:15,20216812083,5,550
2808,5:11:15,20216812083,5,550
2809,6:11:15,20216812083,5,550
2810,7:11:15,20216812083,5,550
2811,8:11:15,20216812083,5,550
2812,9:11:15,20216812083,5,550
2813,10:11:15,20216812083,5,550
2814,11:11:15,20216812083,5,550
2815,12:11:15,20216812083,5,550
2816,13:11:15,20216812083,5,550
2817,14:11:15,20216812083,5,550
2818,15:11:15,20216812083,5,550
2819,16:11:15,20216812083,5,550
2820,17:11:15,20216812083,5,550
2821,18:11:15,20216812083,5,550
2822,19:11:15,20216812083,5,550
2823,20:11:15,20216812083,5,550
2824,21:11:15,20216812083,5,550
2825,22:11:15,20216812083,5,550
2826,23:11:15,20216812083,5,550
2827,0:11:15,20216812083,5,550
2828,1:11:15,20216812083,5,550
2829,2:11:15,20216812083,5,550
2830,3:11:15,20216812083,5,550
2831,4:11:15,20216812083,5,550
2832,5:11:15,20216812083,5,550
2833,6:11:15,20216812083,5,550
2834,7:11:15,20216812083,5,550
2835,8:11:15,20216812083,5,550
2836,9:11:15,20216812083,5,550
2837,10:11:15,20216812083,5,550
2838,11:11:15,20216812083,5,550
2839,12:11:15,20216812083,5,550
2840,13:11:15,20216812083,5,550
2841,14:11:15,20216812083,5,550
2842,15:11:15,20216812083,5,550
2843,16:11:15,20216812083,5,550
2844,17:11:15,20216812083,5,550
2845,18:11:15,20216812083,5,550
2846,19:11:15,20216812083,5,550
2847,20:11:15,20216812083,5,550
2848,21:11:15,20216812083,5,550
2849,22:11:15,20216812083,5,550
2850,23:11:15,20216812083,5,550
2851,0:11:15,20216812083,5,550
2852,1:11:15,20216812083,5,550
2853,2:11:15,20216812083,5,550
2854,3:11:15,20216812083,5,550
2855,4:11:15,20216812083,5,550
2856,5:11:15,20216812083,5,550
2857,6:11:15,20216812083,5,550
2858,7:11:15,20216812083,5,550
2859,8:11:15,20216812083,5,550
2860,9:11:15,20216812083,5,550
2861,10:11:15,20216812083,5,550
2862,11:11:15,20216812083,5,550
2863,12:11:15,20216812083,5,550
2864,13:11:15,20216812083,5,550
2865,14:11:15,20216812083,5,550
2866,15:11:15,20216812083,5,550
2867,16:11:15,20216812083,5,550
2868,17:11:15,20216812083,5,550
2869,18:11:15,20216812083,5,550
2870,19:11:15,20216812083,5,550
2871,20:11:15,20216812083,5,550
2872,21:11:15,20216812083,5,550
2873,22:11:15,20216812083,5,550
2874,23:11:15,20216812083,5,550
2875,0:11:15,20216812083,5,550
2876,1:11:15,20216812083,5,550
2877,2:11:15,20216812083,5,550
2878,3:11:15,20216812083,5,550
2879,4:11:15,20216812083,5,550
2880,5:11:15,20216812083,5,550
2881,6:11:15,20216812083,5,550
2882,7:11:15,20216812083,5,550
2883,8:11:15,20216812083,5,550
2884,9:11:15,20216812083,5,550
2885,10:11:15,20216812083,5,550
2886,11:11:15,20216812083,5,550
2887,12:11:15,20216812083,5,550
2888,13:11:15,20216812083,5,550
2889,14:11:15,20216812083,5,550
2890,15:11:15,20216812083,5,550
2891,16:11:15,20216812083,5,550
2892,17:11:15,20216812083,5,550
2893,18:11:15,20216812083,5,550
2894,19:11:15,20216812083,5,550
2895,20:11:15,20216812083,5,550
2896,21:11:15,20216812083,5,550
2897,22:11:15,20216812083,5,550
2898,23:11:15,20216812083,5,550
2899,0:11:15,20216812083,5,550
2900,1:11:15,20216812083,5,550
2901,2:11:15,20216812083,5,550
2902,3:11:15,20216812083,5,550
2903,4:11:15,20216812083,5,550
2904,5:11:15,20216812083,5,550
2905,6:11:15,20216812083,5,550
2906,7:11:15,20216812083,5,550
2907,8:11:15,20216812083,5,550
2908,9:11:15,20216812083,5,550
2909,10:11:15,20216812083,5,550
2910,11:11:15,20216812083,5,550
2911,12:11:15,20216812083,5,550
2912,13:11:15,20216812083,5,550
2913,14:11:15,20216812083,5,550
2914,15:11:15,20216812083,5,550
2915,16:11:15,20216812083,5,550
2916,17:11:15,20216812083,5,550
2917,18:11:15,20216812083,5,550
2918,19:11:15,20216812083,5,550
2919,20:11:15,20216812083,5,550
2920,21:11:15,20216812083,5,550
2921,22:11:15,20216812083,5,550
2922,23:11:15,20216812083,5,550
2923,0:11:15,20216812083,5,550
2924,1:11:15,20216812083,5,550
2925,2:11:15,20216812083,5,550
2926,3:11:15,20216812083,5,550
2927,4:11:15,20216812083,5,550
2928,5:11:15,20216812083,5,550
2929,6:11:15,20216812083,5,550
2930,7:11:15,20216812083,5,550
2931,8:11:15,20216812083,5,550
2932,9:11:15,20216812083,5,550
2933,10:11:15,20216812083,5,550
2934,11:11:15,20216812083,5,550
2935,12:11:15,20216812083,5,550
2936,13:11:15,20216812083,5,550
2937,14:11:15,20216812083,5,550
2938,15:11:15,20216812083,5,550
2939,16:11:15,20216812083,5,550
2940,17:11:15,20216812083,5,550
2941,18:11:15,20216812083,5,550
2942,19:11:15,20216812083,5,550
2943,20:11:15,20216812083,5,550
2944,21:11:15,20216812083,5,550
2945,22:11:15,20216812083,5,550
2946,23:11:15,20216812083,5,550
2947,0:11:15,20216812083,5,550
2948,1:11:15,20216812083,5,550
2949,2:11:15,20216812083,5,550
2950,3:11:15,20216812083,5,550
2951,4:11:15,20216812083,5,550
2952,5:11:15,20216812083,5,550
2953,6:11:15,20216812083,5,550
2954,7:11:15,20216812083,5,550
2955,8:11:15,20216812083,5,550
2956,9:11:15,20216812083,5,550
2957,10:11:15,20216812083,5,550
2958,11:11:15,20216812083,5,550
2959,12:11:15,20216812083,5,550
2960,13:11:15,20216812083,5,550
2961,14:11:15,20216812083,5,550
2962,15:11:15,20216812083,5,550
2963,16:11:15,20216812083,5,550
2964,17:11:15,20216812083,5,550
2965,18:11:15,20216812083,5,550
2966,19:11:15,20216812083,5,550
2967,20:11:15,20216812083,5,550
2968,21:11:15,20216812083,5,550
2969,22:11:15,20216812083,5,550
2970,23:11:15,20216812083,5,550
2971,0:11:15,20216812083,5,550
2972,1:11:15,20216812083,5,550
2973,2:11:15,20216812083,5,550
2974,3:11:15,20216812083,5,550
2975,4:11:15,20216812083,5,550
2976,5:11:15,20216812083,5,550
2977,6:11:15,20216812083,5,550
2978,7:11:15,20216812083,5,550
2979,8:11:15,20216812083,5,550
2980,9:11:15,20216812083,5,550
2981,10:11:15,20216812083,5,550
2982,11:11:15,20216812083,5,550
2983,12:11:15,20216812083,5,550
2984,13:11:15,20216812083,5,550
2985,14:11:15,20216812083,5,550
2986,15:11:15,20216812083,5,550
2987,16:11:15,20216812083,5,550
2988,17:11:15,20216812083,5,550
2989,18:11:15,20216812083,5,550
2990,19:11:15,20216812083,5,550
2991,20:11:15,20216812083,5,550
2992,21:11:15,20216812083,5,550
2993,22:11:15,20216812083,5,550
2994,23:11:15,20216812083,5,550
2995,0:11:15,20216812083,5,550
2996,1:11:15,20216812083,5,550
2997,2:11:15,20216812083,5,550
2998,3:11:15,20216812083,5,550
2999,4:11:15,20216812083,5,550
3000,5:11:15,20216812083,5,550
3001,6:11:15,20216812083,5,550
3002,7:11:15,20216812083,5,550
3003,8:11:15,20216812083,5,550
3004,9:11:15,20216812083,5,550
3005,10:11:15,20216812083,5,550
3006,11:11:15,20216812083,5,550
3007,12:11:15,20216812083,5,550
3008,13:11:15,20216812083,5,550
3009,14:11:15,20216812083,5,550
3010,15:11:15,20216812083,5,550
3011,16:11:15,20216812083,5,550
3012,17:11:15,20216812083,5,550
3013,18:11:15,20216812083,5,550
3014,19:11:15,20216812083,5,550
3015,20:11:15,20216812083,5,550
3016,21:11:15,20216812083,5,550
3017,22:11:15,20216812083,5,550
3018,23:11:15,20216812083,5,550
3019,0:11:15,20216812083,5,550
3020,1:11:15,20216812083,5,550
3021,2:11:15,20216812083,5,550
3022,3:11:15,20216812083,5,550
3023,4:11:15,20216812083,5,550
3024,5:11:15,20216812083,5,550
3025,6:11:15,20216812083,5,550
3026,7:11:15,20216812083,5,550
3027,8:11:15,20216812083,5,550
3028,9:11:15,20216812083,5,550
3029,10:11:15,20216812083,5,550
3030,11:11:15,20216812083,5,550
3031,12:11:15,20216812083,5,550
3032,13:11:15,20216812083,5,550
3033,14:11:15,20216812083,5,550
3034,15:11:15,20216812083,5,550
3035,16:11:15,20216812083,5,550
3036,17:11:15,20216812083,5,550
3037,18:11:15,20216812083,5,550
3038,19:11:15,20216812083,5,550
3039,20:11:15,20216812083,5,550
3040,21:11:15,20216812083,5,550
3041,22:11:15,20216812083,5,550
3042,23:11:15,20216812083,5,550
3043,0:11:15,20216812083,5,550
3044,1:11:15,20216812083,5,550
3045,2:11:15,20216812083,5,550
3046,3:11:15,20216812083,5,550
3047,4:11:15,20216812083,5,550
3048,5:11:15,20216812083,5,550
3049,6:11:15,20216812083,5,550
3050,7:11:15,20216812083,5,550
3051,8:11:15,20216812083,5,550
3052,9:11:15,20216812083,5,550
3053,10:11:15,20216812083,5,550
3054,11:11:15,20216812083,5,550
3055,12:11:15,20216812083,5,550
3056,13:11:15,20216812083,5,550
3057,14:11:15,20216812083,5,550
3058,15:11:15,20216812083,5,550
3059,16:11:15,20216812083,5,550
3060,17:11:15,20216812083,5,550
3061,18:11:15,20216812083,5,550
3062,19:11:15,20216812083,5,550
3091,0:11:15,20216812083,5,550
3092,1:11:15,20216812083,5,550
3093,2:11:15,20216812083,5,550
3094,3:11:15,20216812083,5,550
3095,4:11:15,20216812083,5,550
3096,5:11:15,20216812083,5,550
3097,6:11:15,20216812083,5,550
3098,7:11:15,20216812083,5,550
3099,8:11:15,20216812083,5,550
3128,13:11:15,195452284,6,331
3129,14:11:15,195452284,6,230
